<?xml version="1.0" encoding="UTF-8"?>
<project-private xmlns="http://www.netbeans.org/ns/project-private/1">
    <editor-bookmarks xmlns="http://www.netbeans.org/ns/editor-bookmarks/2" lastBookmarkId="0"/>
    <open-files xmlns="http://www.netbeans.org/ns/projectui-open-files/2">
        <group>
            <file>file:/C:/Users/fwcon/OneDrive/Desktop/Real%20organic%20origins.RIGHT%20NOW/Organic_Origins/src/organic_origins/login.java</file>
            <file>file:/C:/Users/fwcon/OneDrive/Desktop/Real%20organic%20origins.RIGHT%20NOW/Organic_Origins/src/organic_origins/ViewCartSajjad.java</file>
            <file>file:/C:/Users/fwcon/OneDrive/Desktop/Real%20organic%20origins.RIGHT%20NOW/Organic_Origins/src/organic_origins/Customer.java</file>
            <file>file:/C:/Users/fwcon/OneDrive/Desktop/Real%20organic%20origins.RIGHT%20NOW/Organic_Origins/src/organic_origins/Cart.java</file>
            <file>file:/C:/Users/fwcon/OneDrive/Desktop/Real%20organic%20origins.RIGHT%20NOW/Organic_Origins/src/organic_origins/Delete_Product.java</file>
            <file>file:/C:/Users/fwcon/OneDrive/Desktop/Real%20organic%20origins.RIGHT%20NOW/Organic_Origins/src/organic_origins/Update_Product.java</file>
            <file>file:/C:/Users/fwcon/OneDrive/Desktop/Real%20organic%20origins.RIGHT%20NOW/Organic_Origins/src/organic_origins/Admin.java</file>
        </group>
    </open-files>
</project-private>
